beam_idx,beam_angle_world,measured_range_m,hit_world_x,hit_world_y,map_cell_state
0,-3.1413,3.5154,-3.466,-0.001,free
1,-3.1326,3.5146,-3.465,-0.032,free
2,-3.1239,3.5159,-3.466,-0.062,free
3,-3.1152,3.1835,-3.133,-0.084,free
4,-3.1065,3.1813,-3.13,-0.112,free
5,-3.0978,3.1826,-3.13,-0.139,free
6,-3.0891,3.18,-3.127,-0.167,free
7,-3.0804,3.181,-3.126,-0.194,free
8,-3.0717,2.9095,-2.853,-0.203,free
9,-3.063,2.9116,-2.854,-0.229,free
10,-3.0543,2.911,-2.851,-0.254,free
11,-3.0456,2.9067,-2.844,-0.279,free
12,-3.0369,2.9081,-2.843,-0.304,free
13,-3.0282,2.9091,-2.841,-0.329,free
14,-3.0195,2.9099,-2.839,-0.354,free
15,-3.0108,2.9091,-2.835,-0.379,free
16,-3.0021,2.9071,-2.83,-0.404,free
17,-2.9934,2.9084,-2.827,-0.429,free
18,-2.9847,2.9077,-2.823,-0.454,free
19,-2.976,3.1793,-3.087,-0.524,free
20,-2.9673,3.1787,-3.081,-0.551,free
21,-2.9586,3.1796,-3.077,-0.579,free
22,-2.9499,3.1778,-3.071,-0.605,free
23,-2.9412,3.1783,-3.066,-0.633,free
24,-2.9325,3.1809,-3.063,-0.66,free
25,-2.9238,3.5103,-3.378,-0.758,free
26,-2.9151,3.5091,-3.37,-0.788,free
27,-2.9064,3.5102,-3.364,-0.818,free
28,-2.8977,3.5081,-3.355,-0.847,free
29,-2.889,3.5064,-3.346,-0.876,free
30,-2.8803,3.5064,-3.338,-0.906,free
31,-2.8716,3.5075,-3.331,-0.935,free
32,-2.8629,3.506,-3.322,-0.964,free
33,-2.8542,3.1737,-2.994,-0.9,free
34,-2.8455,3.172,-2.985,-0.925,free
35,-2.8368,3.1736,-2.978,-0.952,free
36,-2.8281,3.1731,-2.969,-0.978,free
37,-2.8194,3.1714,-2.959,-1.004,free
38,-2.8107,3.1718,-2.951,-1.03,free
39,-2.802,3.1711,-2.941,-1.056,free
40,-2.7933,3.1706,-2.931,-1.082,free
41,-2.7846,3.1698,-2.921,-1.108,free
42,-2.7759,3.1685,-2.91,-1.133,free
43,-2.7672,3.1682,-2.9,-1.159,free
44,-2.7585,3.1686,-2.89,-1.184,free
45,-2.7498,3.4987,-3.185,-1.336,free
46,-2.7411,3.4967,-3.171,-1.363,free
47,-2.7324,3.4953,-3.158,-1.391,free
48,-2.7237,3.4939,-3.144,-1.418,free
49,-2.715,3.4945,-3.132,-1.446,free
50,-2.7063,3.4928,-3.118,-1.473,free
51,-2.6976,3.495,-3.107,-1.501,free
52,-2.6889,3.4946,-3.094,-1.528,free
53,-2.6802,3.4931,-3.079,-1.555,free
54,-2.6715,3.4929,-3.065,-1.582,free
55,-2.6628,3.49,-3.049,-1.608,free
56,-2.6541,3.4903,-3.035,-1.635,free
57,-2.6454,3.4871,-3.018,-1.66,free
58,-2.6367,3.1553,-2.713,-1.526,free
59,-2.628,3.1548,-2.699,-1.55,free
60,-2.6193,3.1526,-2.683,-1.573,free
61,-2.6106,3.1516,-2.669,-1.596,free
62,-2.6019,2.8774,-2.419,-1.479,free
63,-2.5932,2.8776,-2.407,-1.5,free
64,-2.5845,2.8769,-2.393,-1.521,free
65,-2.5758,2.8754,-2.378,-1.541,free
66,-2.5671,2.8753,-2.365,-1.562,free
67,-2.5584,2.8733,-2.349,-1.582,free
68,-2.5497,2.8709,-2.333,-1.602,free
69,-2.541,2.8698,-2.319,-1.622,free
70,-2.5323,2.8706,-2.305,-1.643,free
71,-2.5236,2.8695,-2.29,-1.663,free
72,-2.5149,2.8667,-2.273,-1.681,free
73,-2.5062,2.8658,-2.257,-1.701,free
74,-2.4975,2.8673,-2.244,-1.722,free
75,-2.4888,2.8649,-2.227,-1.74,free
76,-2.4801,2.863,-2.21,-1.759,free
77,-2.4714,2.8645,-2.196,-1.779,free
78,-2.4627,3.1351,-2.391,-1.969,free
79,-2.454,3.1341,-2.373,-1.989,free
80,-2.4453,3.1308,-2.353,-2.008,free
81,-2.4366,3.131,-2.336,-2.029,free
82,-2.4279,3.4612,-2.567,-2.266,free
83,-2.4192,3.4583,-2.545,-2.287,free
84,-2.4105,3.4599,-2.527,-2.31,free
85,-2.4018,3.4559,-2.504,-2.33,free
86,-2.3931,3.1252,-2.241,-2.127,free
87,-2.3844,3.1214,-2.219,-2.144,free
88,-2.3757,3.1214,-2.201,-2.164,free
89,-2.367,2.8462,-1.985,-1.991,free
90,-2.3583,2.845,-1.967,-2.007,free
91,-2.3496,2.8438,-1.948,-2.024,free
92,-2.3409,2.8435,-1.931,-2.041,free
93,-2.3322,2.8397,-1.91,-2.056,free
94,-2.3235,2.8387,-1.892,-2.072,free
95,-2.3148,2.8384,-1.873,-2.088,free
96,-2.3061,2.8361,-1.853,-2.103,free
97,-2.2974,2.8352,-1.835,-2.119,free
98,-2.2887,2.8352,-1.816,-2.135,free
99,-2.28,2.832,-1.795,-2.149,free
100,-2.2713,2.8303,-1.775,-2.164,free
101,-2.2626,2.8296,-1.756,-2.179,free
102,-2.2539,2.8262,-1.735,-2.192,free
103,-2.2452,2.8265,-1.716,-2.208,free
104,-2.2365,2.8255,-1.696,-2.222,free
105,-2.2278,2.8216,-1.674,-2.234,free
106,-2.2191,2.8222,-1.655,-2.25,free
107,-2.2104,3.0962,-1.799,-2.484,free
108,-2.2017,3.0935,-1.776,-2.498,free
109,-2.193,3.0933,-1.754,-2.514,free
110,-2.1843,3.0893,-1.73,-2.526,free
111,-2.1756,3.0911,-1.709,-2.543,free
112,-2.1669,3.4213,-1.872,-2.831,free
113,-2.1582,3.4185,-1.845,-2.845,free
114,-2.1495,3.0843,-1.638,-2.582,free
115,-2.1408,3.0814,-1.614,-2.594,free
116,-2.1321,3.0819,-1.591,-2.609,free
117,-2.1234,2.8029,-1.422,-2.386,free
118,-2.1147,2.8036,-1.402,-2.399,free
119,-2.106,2.7996,-1.379,-2.408,free
120,-2.0973,2.8016,-1.359,-2.422,free
121,-2.0886,2.7974,-1.336,-2.431,free
122,-2.0799,2.7986,-1.315,-2.444,free
123,-2.0712,2.7938,-1.291,-2.451,free
124,-2.0625,2.7929,-1.27,-2.462,free
125,-2.0538,2.7947,-1.249,-2.475,free
126,-2.0451,3.0681,-1.352,-2.729,free
127,-2.0364,1.9581,-0.83,-1.75,occupied
128,-2.0277,1.9467,-0.81,-1.747,occupied
129,-2.019,1.9408,-0.792,-1.749,occupied
130,-2.0103,1.9362,-0.775,-1.752,occupied
131,-2.0016,1.9252,-0.755,-1.749,occupied
132,-1.9929,1.9179,-0.737,-1.75,occupied
133,-1.9842,1.9114,-0.719,-1.75,occupied
134,-1.9755,1.9036,-0.7,-1.75,occupied
135,-1.9668,1.898,-0.683,-1.751,occupied
136,-1.9581,1.8893,-0.665,-1.749,occupied
137,-1.9494,1.8837,-0.647,-1.75,occupied
138,-1.9407,1.88,-0.631,-1.753,occupied
139,-1.932,1.8726,-0.613,-1.752,occupied
140,-1.9233,1.8647,-0.595,-1.75,occupied
141,-1.9146,1.8605,-0.578,-1.752,occupied
142,-1.9059,1.8539,-0.561,-1.751,occupied
143,-1.8972,1.8489,-0.544,-1.751,occupied
144,-1.8885,1.8456,-0.528,-1.753,occupied
145,-1.8798,1.8418,-0.511,-1.755,occupied
146,-1.8711,1.8338,-0.493,-1.752,occupied
147,-1.8624,1.8298,-0.477,-1.753,free
148,-1.8537,1.8249,-0.46,-1.752,free
149,-1.845,1.8705,-0.457,-1.801,free
150,-1.8363,1.8654,-0.44,-1.8,free
151,-1.8276,1.8626,-0.424,-1.801,free
152,-1.8189,1.8582,-0.407,-1.801,free
153,-1.8102,1.8542,-0.391,-1.801,free
154,-1.8015,1.8514,-0.374,-1.802,free
155,-1.7928,1.848,-0.358,-1.803,free
156,-1.7841,1.8437,-0.341,-1.802,free
157,-1.7754,1.8415,-0.325,-1.803,free
158,-1.7667,1.8425,-0.31,-1.807,free
159,-1.758,1.8417,-0.294,-1.81,free
160,-1.7493,1.858,-0.281,-1.828,free
161,-1.7406,1.9754,-0.285,-1.947,free
162,-1.7319,2.0958,-0.287,-2.069,free
163,-1.7232,2.2007,-0.285,-2.175,free
164,-1.7145,2.2916,-0.279,-2.268,free
165,-1.7058,2.7234,-0.318,-2.699,free
166,-1.6971,3.3364,-0.371,-3.31,free
167,-1.6884,2.9952,-0.302,-2.974,free
168,-1.6797,2.9946,-0.276,-2.977,free
169,-1.671,2.9928,-0.25,-2.978,free
170,-1.6623,2.9916,-0.224,-2.979,free
171,-1.6536,3.3242,-0.226,-3.313,free
172,-1.6449,3.3241,-0.197,-3.315,free
173,-1.6362,2.9852,-0.146,-2.979,free
174,-1.6275,2.98,-0.12,-2.975,free
175,-1.6188,2.9796,-0.094,-2.976,free
176,-1.6101,2.7008,-0.057,-2.699,free
177,-1.6014,2.7003,-0.034,-2.699,free
178,-1.5927,2.6962,-0.01,-2.696,free
179,-1.584,2.6964,0.013,-2.696,free
180,-1.5753,2.6942,0.037,-2.694,free
181,-1.5666,2.6929,0.06,-2.693,free
182,-1.5579,2.6912,0.084,-2.691,free
183,-1.5492,2.6905,0.107,-2.69,free
184,-1.5405,2.6876,0.13,-2.686,free
185,-1.5318,2.6844,0.154,-2.682,free
186,-1.5231,2.6827,0.177,-2.68,free
187,-1.5144,2.6805,0.2,-2.676,free
188,-1.5057,2.6781,0.223,-2.672,free
189,-1.497,2.6758,0.246,-2.669,free
190,-1.4883,2.6751,0.269,-2.666,free
191,-1.4796,2.6737,0.293,-2.663,free
192,-1.4709,2.6701,0.315,-2.657,free
193,-1.4622,2.6702,0.338,-2.654,free
194,-1.4535,2.6677,0.361,-2.649,free
195,-1.4448,2.6669,0.384,-2.646,free
196,-1.4361,2.9432,0.444,-2.917,free
197,-1.4274,2.9414,0.469,-2.911,free
198,-1.4187,2.9406,0.495,-2.907,free
199,-1.41,2.9392,0.52,-2.901,free
200,-1.4013,2.9368,0.544,-2.895,free
201,-1.3926,3.2737,0.629,-3.222,free
202,-1.3839,3.2721,0.657,-3.215,free
203,-1.3752,3.2696,0.684,-3.207,free
204,-1.3665,2.9307,0.644,-2.87,free
205,-1.3578,2.9278,0.668,-2.862,free
206,-1.3491,2.9276,0.693,-2.856,free
207,-1.3404,2.9255,0.717,-2.848,free
208,-1.3317,2.9234,0.741,-2.84,free
209,-1.323,2.9212,0.766,-2.832,free
210,-1.3143,2.9184,0.789,-2.823,free
211,-1.3056,2.9179,0.814,-2.816,free
212,-1.2969,2.9153,0.838,-2.807,free
213,-1.2882,2.9157,0.862,-2.8,free
214,-1.2795,2.9126,0.886,-2.79,free
215,-1.2708,2.9133,0.91,-2.783,free
216,-1.2621,2.9088,0.933,-2.771,free
217,-1.2534,2.9071,0.956,-2.762,free
218,-1.2447,2.9084,0.981,-2.755,free
219,-1.236,2.9038,1.003,-2.743,free
220,-1.2273,2.9045,1.027,-2.735,free
221,-1.2186,2.9004,1.05,-2.722,free
222,-1.2099,2.8988,1.073,-2.712,free
223,-1.2012,2.8961,1.095,-2.701,free
224,-1.1925,2.9002,1.12,-2.695,free
225,-1.1838,3.2361,1.27,-2.997,free
226,-1.1751,3.2323,1.295,-2.983,free
227,-1.1664,3.2324,1.321,-2.972,free
228,-1.1577,3.2295,1.345,-2.958,free
229,-1.149,3.2297,1.371,-2.947,free
230,-1.1403,3.2269,1.396,-2.932,free
231,-1.1316,3.2274,1.421,-2.921,free
232,-1.1229,3.2228,1.445,-2.905,free
233,-1.1142,3.2267,1.472,-2.896,free
234,-1.1055,2.8816,1.342,-2.575,free
235,-1.0968,2.8787,1.363,-2.561,free
236,-1.0881,2.8757,1.384,-2.547,free
237,-1.0794,2.8736,1.405,-2.534,free
238,-1.0707,2.5929,1.292,-2.275,free
239,-1.062,2.593,1.312,-2.265,free
240,-1.0533,2.5919,1.331,-2.253,free
241,-1.0446,2.5879,1.349,-2.238,free
242,-1.0359,2.5857,1.367,-2.225,free
243,-1.0272,2.5869,1.387,-2.214,free
244,-1.0185,2.5851,1.405,-2.201,free
245,-1.0098,2.5821,1.423,-2.186,free
246,-1.0011,2.5805,1.441,-2.173,free
247,-0.9924,2.5803,1.46,-2.161,free
248,-0.9837,2.5781,1.477,-2.146,free
249,-0.975,2.5775,1.495,-2.133,free
250,-0.9663,2.575,1.513,-2.119,free
251,-0.9576,2.5741,1.53,-2.105,free
252,-0.9489,2.5728,1.548,-2.091,free
253,-0.9402,2.5717,1.565,-2.077,free
254,-0.9315,2.5715,1.583,-2.064,free
255,-0.9228,2.5687,1.599,-2.048,free
256,-0.9141,2.5662,1.616,-2.033,free
257,-0.9054,2.8473,1.807,-2.24,free
258,-0.8967,2.8464,1.826,-2.224,free
259,-0.888,2.8436,1.843,-2.206,free
260,-0.8793,2.8423,1.862,-2.189,free
261,-0.8706,2.8424,1.881,-2.174,free
262,-0.8619,2.8446,1.901,-2.159,free
263,-0.8532,3.1823,2.142,-2.398,free
264,-0.8445,3.1798,2.161,-2.377,free
265,-0.8358,3.1803,2.182,-2.359,free
266,-0.8271,2.8355,1.969,-2.087,free
267,-0.8184,2.8346,1.986,-2.069,free
268,-0.8097,2.8344,2.004,-2.052,free
269,-0.801,2.8303,2.019,-2.032,free
270,-0.7923,2.549,1.839,-1.815,free
271,-0.7836,2.5483,1.854,-1.799,free
272,-0.7749,2.5469,1.869,-1.782,free
273,-0.7662,2.5455,1.883,-1.765,free
274,-0.7575,2.5435,1.897,-1.748,free
275,-0.7488,2.5425,1.911,-1.731,free
276,-0.7401,2.5433,1.927,-1.715,free
277,-0.7314,2.5422,1.941,-1.698,free
278,-0.7227,2.5396,1.954,-1.68,free
279,-0.714,2.5362,1.966,-1.661,free
280,-0.7053,2.5386,1.982,-1.646,free
281,-0.6966,2.5384,1.996,-1.629,free
282,-0.6879,2.5365,2.009,-1.61,free
283,-0.6792,2.5352,2.022,-1.593,free
284,-0.6705,2.535,2.035,-1.575,free
285,-0.6618,2.5335,2.048,-1.557,free
286,-0.6531,2.5326,2.06,-1.539,free
287,-0.6444,2.531,2.073,-1.52,free
288,-0.6357,2.5315,2.086,-1.503,free
289,-0.627,2.8099,2.325,-1.649,free
290,-0.6183,2.8084,2.338,-1.628,free
291,-0.6096,2.8066,2.35,-1.607,free
292,-0.6009,2.8052,2.363,-1.586,free
293,-0.5922,2.8049,2.376,-1.566,free
294,-0.5835,3.1487,2.677,-1.735,free
295,-0.5748,3.1476,2.691,-1.711,free
296,-0.5661,3.1458,2.704,-1.687,free
297,-0.5574,3.1444,2.718,-1.663,free
298,-0.5487,3.1439,2.731,-1.64,free
299,-0.54,2.7983,2.449,-1.439,free
300,-0.5313,2.7996,2.463,-1.418,free
301,-0.5226,2.7971,2.473,-1.396,free
302,-0.5139,2.7976,2.485,-1.375,free
303,-0.5052,2.7961,2.496,-1.353,free
304,-0.4965,2.5147,2.26,-1.198,free
305,-0.4878,2.5136,2.27,-1.178,free
306,-0.4791,2.5138,2.28,-1.159,free
307,-0.4704,2.5125,2.289,-1.139,free
308,-0.4617,2.7923,2.549,-1.244,free
309,-0.453,2.7916,2.559,-1.222,free
310,-0.4443,2.792,2.57,-1.2,free
311,-0.4356,2.7904,2.579,-1.177,free
312,-0.4269,2.7906,2.589,-1.155,free
313,-0.4182,2.7889,2.598,-1.133,free
314,-0.4095,2.787,2.606,-1.11,free
315,-0.4008,2.7869,2.615,-1.087,free
316,-0.3921,2.7873,2.625,-1.065,free
317,-0.3834,2.7863,2.633,-1.042,free
318,-0.3747,2.7877,2.643,-1.02,free
319,-0.366,2.7858,2.65,-0.997,free
320,-0.3573,2.7856,2.659,-0.974,free
321,-0.3486,2.7842,2.666,-0.951,free
322,-0.3399,3.1279,2.998,-1.043,free
323,-0.3312,3.1264,3.006,-1.017,free
324,-0.3225,3.1301,3.018,-0.992,free
325,-0.3138,3.123,3.02,-0.964,free
326,-0.3051,3.1269,3.032,-0.939,free
327,-0.2964,3.1267,3.039,-0.913,free
328,-0.2877,3.127,3.048,-0.887,free
329,-0.279,3.1254,3.054,-0.861,free
330,-0.2703,3.1238,3.059,-0.834,free
331,-0.2616,3.1222,3.065,-0.808,free
332,-0.2529,2.7796,2.74,-0.696,free
333,-0.2442,2.7782,2.745,-0.672,free
334,-0.2355,2.7789,2.751,-0.648,free
335,-0.2268,2.7783,2.756,-0.625,free
336,-0.2181,2.7786,2.762,-0.601,free
337,-0.2094,2.7806,2.769,-0.578,free
338,-0.2007,2.4947,2.494,-0.497,free
339,-0.192,2.4958,2.499,-0.476,free
340,-0.1833,2.4937,2.501,-0.455,free
341,-0.1746,2.4936,2.505,-0.433,free
342,-0.1659,2.4938,2.509,-0.412,free
343,-0.1572,2.495,2.513,-0.391,free
344,-0.1485,2.4927,2.514,-0.369,free
345,-0.1398,2.4938,2.519,-0.348,free
346,-0.1311,2.4929,2.521,-0.326,free
347,-0.1224,2.4935,2.524,-0.304,free
348,-0.1137,2.4909,2.524,-0.283,free
349,-0.105,2.4922,2.528,-0.261,free
350,-0.0963,2.4928,2.53,-0.24,free
351,-0.0876,2.7731,2.812,-0.243,free
352,-0.0789,2.7732,2.814,-0.219,free
353,-0.0702,2.7714,2.814,-0.194,free
354,-0.0615,2.7717,2.816,-0.17,free
355,-0.0528,2.7749,2.82,-0.146,free
356,-0.0441,2.7748,2.821,-0.122,free
357,-0.0354,3.1176,3.165,-0.11,free
358,-0.0267,3.1177,3.166,-0.083,free
359,-0.018,3.1165,3.165,-0.056,free
360,-0.0093,3.1187,3.168,-0.029,free
361,-0.0006,3.547,3.596,-0.002,free
362,0.0081,3.1181,3.167,0.025,free
363,0.0168,3.1175,3.166,0.052,free
364,0.0255,3.1172,3.165,0.079,free
365,0.0342,3.1177,3.165,0.107,free
366,0.0429,2.7725,2.819,0.119,free
367,0.0516,2.7744,2.82,0.143,free
368,0.0603,2.7726,2.817,0.167,free
369,0.069,2.7726,2.815,0.191,free
370,0.0777,2.773,2.814,0.215,free
371,0.0864,2.7731,2.812,0.239,free
372,0.0951,2.7752,2.812,0.263,free
373,0.1038,2.4961,2.532,0.259,free
374,0.1125,2.4932,2.527,0.28,free
375,0.1212,2.4933,2.524,0.301,free
376,0.1299,2.494,2.522,0.323,free
377,0.1386,2.4933,2.518,0.344,free
378,0.1473,2.4958,2.518,0.366,free
379,0.156,2.4935,2.512,0.387,free
380,0.1647,2.496,2.511,0.409,free
381,0.1734,2.4984,2.51,0.431,free
382,0.1821,2.7765,2.78,0.503,free
383,0.1908,2.776,2.775,0.526,free
384,0.1995,2.7765,2.771,0.55,free
385,0.2082,2.7787,2.768,0.574,free
386,0.2169,2.7769,2.761,0.598,free
387,0.2256,2.7797,2.758,0.622,free
388,0.2343,2.7804,2.753,0.645,free
389,0.243,3.1226,3.08,0.751,free
390,0.2517,3.1244,3.075,0.778,free
391,0.2604,3.1255,3.069,0.805,free
392,0.2691,3.5538,3.475,0.945,free
393,0.2778,3.5509,3.464,0.974,free
394,0.2865,3.5544,3.459,1.004,free
395,0.2952,3.5561,3.451,1.035,free
396,0.3039,3.1274,3.033,0.936,free
397,0.3126,3.1277,3.025,0.962,free
398,0.3213,3.1293,3.018,0.988,free
399,0.33,3.1287,3.009,1.014,free
400,0.3387,3.1293,3.001,1.04,free
401,0.3474,3.1314,2.993,1.066,free
402,0.3561,3.1309,2.984,1.091,free
403,0.3648,3.1294,2.973,1.116,free
404,0.3735,3.1281,2.962,1.141,free
405,0.3822,3.1322,2.955,1.168,free
406,0.3909,3.129,2.942,1.192,free
407,0.3996,3.1342,2.936,1.219,free
408,0.4083,3.1335,2.925,1.244,free
409,0.417,3.1336,2.914,1.269,free
410,0.4257,3.1355,2.905,1.295,free
411,0.4344,3.133,2.891,1.319,free
412,0.4431,3.135,2.881,1.344,free
413,0.4518,3.1365,2.871,1.369,free
414,0.4605,3.1376,2.86,1.394,free
415,0.4692,3.1382,2.848,1.419,free
416,0.4779,3.1404,2.838,1.444,free
417,0.4866,3.5693,3.204,1.669,free
418,0.4953,3.5699,3.19,1.697,free
419,0.504,3.5722,3.177,1.725,free
420,0.5127,3.5684,3.159,1.75,free
421,0.5214,3.5674,3.142,1.777,free
422,0.5301,3.5727,3.131,1.806,free
423,0.5388,3.5713,3.114,1.832,free
424,0.5475,3.5729,3.1,1.86,free
425,0.5562,3.572,3.083,1.886,free
426,0.5649,3.5779,3.071,1.915,free
427,0.5736,3.5768,3.053,1.941,free
428,0.5823,3.1491,2.679,1.732,free
429,0.591,3.1495,2.664,1.755,free
430,0.5997,3.1515,2.651,1.779,free
431,0.6084,3.1512,2.635,1.801,free
432,0.6171,3.1489,2.617,1.822,free
433,0.6258,2.813,2.329,1.648,free
434,0.6345,2.8131,2.315,1.668,free
435,0.6432,2.8124,2.3,1.687,free
436,0.6519,2.814,2.286,1.707,free
437,0.6606,2.8161,2.273,1.728,free
438,0.6693,2.8137,2.256,1.746,free
439,0.678,2.8155,2.242,1.766,free
440,0.6867,2.8135,2.225,1.784,free
441,0.6954,2.818,2.213,1.805,free
442,0.7041,2.8208,2.199,1.826,free
443,0.7128,2.8212,2.183,1.845,free
444,0.7215,2.8209,2.167,1.863,free
445,0.7302,2.8235,2.153,1.883,free
446,0.7389,2.8245,2.137,1.902,free
447,0.7476,2.8267,2.122,1.922,free
448,0.7563,2.8259,2.105,1.939,free
449,0.765,2.8277,2.089,1.958,free
450,0.7737,2.8284,2.072,1.976,free
451,0.7824,3.1716,2.299,2.236,free
452,0.7911,3.1748,2.281,2.258,free
453,0.7998,3.176,2.262,2.278,free
454,0.8085,3.1764,2.243,2.297,free
455,0.8172,3.605,2.516,2.629,free
456,0.8259,3.6061,2.494,2.651,free
457,0.8346,3.607,2.471,2.673,free
458,0.8433,3.6095,2.449,2.696,free
459,0.852,3.6115,2.427,2.718,free
460,0.8607,3.1853,2.126,2.415,free
461,0.8694,3.1847,2.104,2.433,free
462,0.8781,3.1867,2.084,2.452,free
463,0.8868,3.1839,2.061,2.468,free
464,0.8955,3.1884,2.042,2.489,free
465,0.9042,3.1918,2.023,2.508,free
466,0.9129,2.8507,1.792,2.256,free
467,0.9216,2.852,1.773,2.272,free
468,0.9303,2.8524,1.754,2.287,free
469,0.939,2.8536,1.734,2.303,free
470,0.9477,2.8561,1.716,2.319,free
471,0.9564,2.8562,1.696,2.334,free
472,0.9651,2.8571,1.676,2.349,free
473,0.9738,2.8591,1.656,2.365,free
474,0.9825,2.859,1.636,2.378,free
475,0.9912,2.8624,1.617,2.395,free
476,0.9999,2.8632,1.596,2.409,free
477,1.0086,2.8657,1.577,2.425,free
478,1.0173,2.8665,1.556,2.438,free
479,1.026,2.868,1.535,2.453,free
480,1.0347,2.8701,1.515,2.467,free
481,1.0434,2.8721,1.495,2.482,free
482,1.0521,3.2113,1.641,2.789,free
483,1.0608,3.2132,1.618,2.804,free
484,1.0695,3.2179,1.596,2.822,free
485,1.0782,3.2191,1.571,2.836,free
486,1.0869,3.6455,1.745,3.227,free
487,1.0956,3.6466,1.717,3.243,free
488,1.1043,3.6499,1.691,3.26,free
489,1.113,3.6502,1.662,3.274,free
490,1.1217,3.6525,1.635,3.29,free
491,1.1304,3.651,1.606,3.303,free
492,1.1391,3.2287,1.4,2.932,free
493,1.1478,3.232,1.376,2.947,free
494,1.1565,3.2313,1.35,2.958,free
495,1.1652,3.2327,1.325,2.97,free
496,1.1739,3.2335,1.299,2.982,free
497,1.1826,3.2367,1.274,2.996,free
498,1.1913,2.8953,1.122,2.689,free
499,1.2,2.8993,1.1,2.702,free
500,1.2087,2.8993,1.076,2.711,free
501,1.2174,2.9027,1.054,2.723,free
502,1.2261,3.2425,1.145,3.052,free
503,1.2348,3.2452,1.119,3.064,free
504,1.2435,3.2483,1.093,3.076,free
505,1.2522,3.2487,1.067,3.085,free
506,1.2609,3.6732,1.169,3.498,free
507,1.2696,3.25,1.013,3.104,free
508,1.2783,3.2555,0.988,3.117,free
509,1.287,3.2543,0.96,3.124,free
510,1.2957,3.2572,0.934,3.135,free
511,1.3044,3.2568,0.907,3.142,free
512,1.3131,3.6836,0.988,3.562,free
513,1.3218,3.6873,0.958,3.574,free
514,1.3305,3.6883,0.927,3.582,free
515,1.3392,3.6892,0.896,3.591,free
516,1.3479,3.6889,0.865,3.598,free
517,1.3566,3.6936,0.834,3.609,free
518,1.3653,4.2387,0.914,4.149,free
519,1.374,3.6939,0.771,3.623,free
520,1.3827,3.6972,0.74,3.632,free
521,1.3914,3.6991,0.709,3.64,free
522,1.4001,3.6998,0.678,3.646,free
523,1.4088,3.2781,0.578,3.235,free
524,1.4175,3.2818,0.55,3.243,free
525,1.4262,3.2831,0.522,3.249,free
526,1.4349,3.2835,0.494,3.253,free
527,1.4436,3.2846,0.466,3.258,free
528,1.4523,3.2839,0.437,3.261,free
529,1.461,2.9499,0.372,2.932,free
530,1.4697,2.9517,0.347,2.937,free
531,1.4784,2.9537,0.322,2.941,free
532,1.4871,2.9533,0.296,2.943,free
533,1.4958,2.9545,0.271,2.946,free
534,1.5045,2.9588,0.245,2.952,free
535,1.5132,2.9582,0.219,2.953,free
536,1.5219,2.9624,0.194,2.959,free
537,1.5306,2.9612,0.168,2.959,free
538,1.5393,2.9675,0.143,2.966,free
539,1.548,2.9644,0.117,2.964,free
540,1.5567,2.967,0.091,2.967,free
541,1.5654,2.9674,0.065,2.967,free
542,1.5741,3.3096,0.038,3.31,free
543,1.5828,3.3119,0.009,3.312,free
544,1.5915,3.315,-0.019,3.314,free
545,1.6002,3.3141,-0.048,3.313,free
546,1.6089,3.7387,-0.093,3.736,free
547,1.6176,3.7431,-0.126,3.739,free
548,1.6263,4.2835,-0.188,4.277,free
549,1.635,3.7448,-0.191,3.737,free
550,1.6437,3.7454,-0.224,3.735,free
551,1.6524,3.7476,-0.256,3.735,free
552,1.6611,3.7488,-0.289,3.733,free
553,1.6698,3.3304,-0.28,3.314,free
554,1.6785,3.3308,-0.309,3.312,free
555,1.6872,3.3332,-0.338,3.311,free
556,1.6959,3.3312,-0.367,3.305,free
557,1.7046,3.3374,-0.396,3.308,free
558,1.7133,3.3391,-0.425,3.305,free
559,1.722,3.0034,-0.403,2.969,free
560,1.7307,3.0038,-0.429,2.965,free
561,1.7394,3.0068,-0.455,2.964,free
562,1.7481,3.0095,-0.482,2.962,free
563,1.7568,3.0087,-0.507,2.957,free
564,1.7655,3.013,-0.534,2.956,free
565,1.7742,3.0123,-0.559,2.95,free
566,1.7829,3.0145,-0.585,2.947,free
567,1.7916,3.0161,-0.611,2.943,free
568,1.8003,3.0192,-0.638,2.94,free
569,1.809,3.0212,-0.664,2.936,free
570,1.8177,3.018,-0.688,2.926,free
571,1.8264,3.0233,-0.715,2.925,free
572,1.8351,3.3622,-0.829,3.245,free
573,1.8438,3.3644,-0.858,3.24,free
574,1.8525,3.3644,-0.886,3.232,free
575,1.8612,3.3691,-0.916,3.228,free
576,1.8699,3.7881,-1.067,3.62,free
577,1.8786,3.792,-1.1,3.614,free
578,1.8873,4.3272,-1.298,4.112,free
579,1.896,3.7961,-1.164,3.597,free
580,1.9047,3.7945,-1.194,3.585,free
581,1.9134,3.7965,-1.226,3.576,free
582,1.9221,3.7974,-1.258,3.565,free
583,1.9308,3.8006,-1.29,3.557,free
584,1.9395,3.8003,-1.321,3.545,free
585,1.9482,3.8012,-1.352,3.534,free
586,1.9569,3.8028,-1.383,3.523,free
587,1.9656,3.3867,-1.253,3.126,free
588,1.9743,3.3865,-1.281,3.115,free
589,1.983,3.3917,-1.31,3.108,free
590,1.9917,3.3936,-1.337,3.097,free
591,2.0004,3.8128,-1.539,3.466,free
592,2.0091,3.8138,-1.569,3.453,free
593,2.0178,3.8156,-1.6,3.441,free
594,2.0265,3.8175,-1.631,3.428,free
595,2.0352,3.8138,-1.659,3.41,free
596,2.0439,3.8186,-1.691,3.399,free
597,2.0526,3.8223,-1.722,3.387,free
598,2.0613,3.8229,-1.752,3.372,free
599,2.07,3.8211,-1.78,3.355,free
600,2.0787,3.8254,-1.811,3.343,free
601,2.0874,3.8281,-1.842,3.329,free
602,2.0961,3.8283,-1.871,3.312,free
603,2.1048,3.8318,-1.901,3.298,free
604,2.1135,3.833,-1.93,3.282,free
605,2.1222,3.8327,-1.959,3.265,free
606,2.1309,4.3689,-2.272,3.701,free
607,2.1396,4.373,-2.306,3.684,free
608,2.1483,3.8416,-2.048,3.219,free
609,2.157,3.8398,-2.075,3.199,free
610,2.1657,3.8368,-2.101,3.178,free
611,2.1744,3.4273,-1.896,2.822,free
612,2.1831,3.4289,-1.922,2.806,free
613,2.1918,3.4288,-1.946,2.789,free
614,2.2005,3.4306,-1.971,2.773,free
615,2.2092,3.4308,-1.995,2.755,free
616,2.2179,3.101,-1.82,2.474,free
617,2.2266,3.0985,-1.84,2.456,free
618,2.2353,3.101,-1.863,2.441,free
619,2.244,3.104,-1.886,2.427,free
620,2.2527,3.105,-1.908,2.411,free
621,2.2614,3.1057,-1.929,2.394,free
622,2.2701,3.1063,-1.95,2.377,free
623,2.2788,3.1106,-1.974,2.363,free
624,2.2875,3.1096,-1.994,2.345,free
625,2.2962,3.1098,-2.014,2.327,free
626,2.3049,3.1134,-2.037,2.312,free
627,2.3136,3.114,-2.057,2.294,free
628,2.3223,3.1168,-2.079,2.277,free
629,2.331,3.1148,-2.097,2.257,free
630,2.3397,3.1152,-2.117,2.239,free
631,2.3484,3.4532,-2.374,2.461,free
632,2.3571,3.4541,-2.395,2.44,free
633,2.3658,3.4563,-2.418,2.42,free
634,2.3745,3.4586,-2.441,2.4,free
635,2.3832,3.8726,-2.762,2.663,free
636,2.3919,3.8753,-2.787,2.641,free
637,2.4006,3.8757,-2.81,2.616,free
638,2.4093,3.8774,-2.834,2.592,free
639,2.418,3.879,-2.858,2.568,free
640,2.4267,3.4651,-2.568,2.272,free
641,2.4354,3.4651,-2.587,2.249,free
642,2.4441,3.4662,-2.608,2.226,free
643,2.4528,3.4696,-2.629,2.205,free
644,2.4615,3.137,-2.39,1.973,free
645,2.4702,3.1384,-2.408,1.952,free
646,2.4789,3.1384,-2.425,1.931,free
647,2.4876,3.1395,-2.443,1.91,free
648,2.4963,3.1396,-2.459,1.888,free
649,2.505,3.1414,-2.477,1.868,free
650,2.5137,3.1416,-2.493,1.846,free
651,2.5224,3.1432,-2.511,1.824,free
652,2.5311,3.1427,-2.526,1.802,free
653,2.5398,3.1433,-2.542,1.78,free
654,2.5485,3.1457,-2.559,1.758,free
655,2.5572,3.1483,-2.577,1.737,free
656,2.5659,3.1483,-2.592,1.714,free
657,2.5746,3.1473,-2.606,1.69,free
658,2.5833,3.1492,-2.622,1.668,free
659,2.592,3.152,-2.639,1.646,free
660,2.6007,3.4852,-2.939,1.795,free
661,2.6094,3.4871,-2.956,1.77,free
662,2.6181,3.4891,-2.973,1.744,free
663,2.6268,3.4915,-2.99,1.719,free
664,2.6355,3.9022,-3.364,1.892,free
665,2.6442,3.9028,-3.381,1.862,free
666,2.6529,3.9041,-3.398,1.833,free
667,2.6616,3.4933,-3.049,1.613,free
668,2.6703,3.4913,-3.062,1.585,free
669,2.679,3.4944,-3.078,1.56,free
670,2.6877,3.4932,-3.09,1.532,free
671,2.6964,3.1647,-2.807,1.363,free
672,2.7051,3.1632,-2.817,1.337,free
673,2.7138,3.1644,-2.83,1.313,free
674,2.7225,3.1634,-2.841,1.287,free
675,2.7312,3.1644,-2.853,1.263,free
676,2.7399,3.1666,-2.865,1.238,free
677,2.7486,3.1687,-2.878,1.214,free
678,2.7573,3.1674,-2.887,1.188,free
679,2.766,3.5019,-3.209,1.285,free
680,2.7747,3.5039,-3.222,1.257,free
681,2.7834,3.4999,-3.229,1.227,free
682,2.7921,3.5062,-3.245,1.201,free
683,2.8008,3.5047,-3.254,1.171,free
684,2.8095,3.5045,-3.264,1.143,free
685,2.8182,3.5052,-3.274,1.114,free
686,2.8269,3.5055,-3.284,1.085,free
687,2.8356,3.5076,-3.296,1.057,free
688,2.8443,3.5049,-3.302,1.027,free
689,2.853,3.5062,-3.312,0.998,free
690,2.8617,3.5088,-3.323,0.969,free
691,2.8704,3.5076,-3.33,0.94,free
692,2.8791,3.9195,-3.736,1.017,free
693,2.8878,3.922,-3.747,0.985,free
694,2.8965,3.9199,-3.754,0.951,free
695,2.9052,3.5098,-3.363,0.822,free
696,2.9139,3.5098,-3.37,0.792,free
697,2.9226,3.5096,-3.377,0.762,free
698,2.9313,3.1801,-3.061,0.664,free
699,2.94,3.1784,-3.065,0.636,free
700,2.9487,3.179,-3.071,0.609,free
701,2.9574,3.1801,-3.077,0.583,free
702,2.9661,3.1784,-3.08,0.555,free
703,2.9748,3.1823,-3.089,0.528,free
704,2.9835,3.1823,-3.093,0.501,free
705,2.9922,2.908,-2.827,0.433,free
706,3.0009,2.9066,-2.829,0.408,free
707,3.0096,2.911,-2.837,0.383,free
708,3.0183,2.9093,-2.838,0.358,free
709,3.027,2.9123,-2.844,0.333,free
710,3.0357,2.9113,-2.846,0.308,free
711,3.0444,2.9124,-2.85,0.283,free
712,3.0531,3.1839,-3.122,0.281,free
713,3.0618,3.1819,-3.123,0.254,free
714,3.0705,3.1816,-3.124,0.226,free
715,3.0792,3.1832,-3.128,0.199,free
716,3.0879,3.1848,-3.131,0.171,free
717,3.0966,3.1843,-3.132,0.143,free
718,3.1053,3.5158,-3.464,0.128,free
719,3.114,3.5148,-3.464,0.097,free
720,3.1227,3.5157,-3.466,0.066,free
721,3.1314,3.9284,-3.879,0.04,free
722,3.1401,3.9332,-3.884,0.006,free
