trial_id,timestamp,duration_sec,instruction,image_path,model_output,model_target,visible,confidence,parse_method,target_x,target_y,target_yaw,amcl_x,amcl_y,odom_x,odom_y,pose_disagreement_m,pose_health_ok,final_pose_source,final_x,final_y,final_yaw,final_error_m,within_success_radius,navigation_arrived,visual_confirmed,task_success,nav_result,failure_reason

1,2026-06-23 13:23:39,483.375,Go to the purple boxes.,/home/bluepoisons/Desktop/FURP/VLN/ZhiruiSHEN-VLN/data/runtime/trial_images/trial_0008_20260623_131638_652675694_scan_08_go_to_the_purple_boxes.png,"```json
{
  ""target"": ""purple boxes"",
  ""visible"": false,
  ""confidence"": 0.0,
  ""horizontal_position"": ""unknown"",
  ""evidence"": ""The image shows an empty warehouse interior with a gray floor, yellow and white walls, and overhead lighting. There are no purple boxes visible in the image.""
}
```",purple boxes,False,0.0,semantic_explore_failed,-6.3,10.8,3.141592653589793,-6.396,4.793,-1.481,7.484,5.604,False,amcl_pose,-6.396,4.793,1.985,6.008,False,False,False,False,stuck,Nav2 made no meaningful progress for 45.0s (best_distance=5.64m).
